<?xml version="1.0" encoding="UTF-8"?>
<!DOCTYPE mapper PUBLIC "-//mybatis.org//DTD Mapper 3.0//EN" "http://mybatis.org/dtd/mybatis-3-mapper.dtd">
<mapper
	namespace="co.micol.prj.jobOpening.service.JobOpeningMapper">
	<select id="selectJobOpeningList"
		resultType="co.micol.prj.jobOpening.service.JobOpeningVO">
		SELECT * FROM JOBOPENING
	</select>

	<select id="selectJobOpeningListByHit"
		resultType="co.micol.prj.jobOpening.service.JobOpeningVO">
		SELECT * FROM JOBOPENING ORDER BY JOBOPENINGHIT DESC
	</select>

	<select id="selectJobOpeningListByZzim"
		resultType="co.micol.prj.jobOpening.service.JobOpeningVO">
		SELECT J.JOBOPENINGNUM, J.COMPANYNAME, J.SALARY,
		J.COMPANYADDRESS, J.COMPANYIMAGE, COUNT(J.JOBOPENINGNUM) AS COUNT
		FROM
		JOBOPENING J JOIN ZZIM Z
		ON J.JOBOPENINGNUM = Z.JOBOPENINGNUM
		WHERE 1=1
		GROUP BY J.JOBOPENINGNUM, J.COMPANYNAME, J.SALARY, J.COMPANYADDRESS,
		J.COMPANYIMAGE
		ORDER BY COUNT DESC
	</select>

	<select id="selectJobOpeningByNum"
		parameterType="co.micol.prj.jobOpening.service.JobOpeningVO"
		resultType="co.micol.prj.jobOpening.service.JobOpeningVO">
		SELECT * FROM JOBOPENING WHERE JOBOPENINGNUM =
		#{jobOpeningNum}
	</select>

	<select id="selectJobOpeningListByPost"
		parameterType="String"
		resultType="co.micol.prj.jobOpening.service.JobOpeningVO">
		select *
		from jobopening
		where companyname like nvl('%'||#{cond}||'%', companyname)


	</select>
	
	<select id="selectRecommendation" 
		parameterType="String" 
		resultType="co.micol.prj.jobOpening.service.JobOpeningVO">
		SELECT *
		FROM JOBOPENING
		WHERE JOBGROUP LIKE NVL('%'||#{jobGroup}||'%', JOBGROUP)
	</select>
	
	<select id="selectRecommendationNo" 
		parameterType="String" 
		resultType="co.micol.prj.jobOpening.service.JobOpeningVO">
		SELECT *
		FROM JOBOPENING
		WHERE JOBGROUP LIKE NVL('%'||#{jobGroup}||'%', JOBGROUP)
		AND <![CDATA[ ROWNUM <= 4 ]]>
	</select>
	
	
	
	<select id="selectLocationList" 
		parameterType="String" 
		resultType="co.micol.prj.jobOpening.service.JobOpeningVO">
		SELECT *
		FROM JOBOPENING
		WHERE COMPANYADDRESS LIKE('%'||#{location}||'%')
	</select>
	

	<select id="selectJobOpeningListByMyzzim"
		parameterType="int"
		resultType="co.micol.prj.jobOpening.service.JobOpeningVO">
		SELECT J.JOBOPENINGNUM, J.COMPANYNAME, J.SALARY,
		J.COMPANYADDRESS, J.COMPANYIMAGE, COUNT(J.JOBOPENINGNUM) AS COUNT
		FROM
		JOBOPENING J JOIN ZZIM Z
		ON J.JOBOPENINGNUM = Z.JOBOPENINGNUM
		WHERE MEMBERNUM = #{memberNum}
		GROUP BY J.JOBOPENINGNUM, J.COMPANYNAME, J.SALARY, J.COMPANYADDRESS,
		J.COMPANYIMAGE
		ORDER BY COUNT DESC
	</select>

	<select id="selectJobOpeningListByZzimTop4" 
		resultType="co.micol.prj.jobOpening.service.JobOpeningVO">
		SELECT J.JOBOPENINGNUM, J.COMPANYNAME, J.SALARY,
				J.COMPANYADDRESS, J.COMPANYIMAGE, COUNT(J.JOBOPENINGNUM) AS COUNT 
				FROM
				JOBOPENING J JOIN ZZIM Z 
				ON J.JOBOPENINGNUM = Z.JOBOPENINGNUM 
				WHERE 1=1
				GROUP BY J.JOBOPENINGNUM, J.COMPANYNAME, J.SALARY, J.COMPANYADDRESS, J.COMPANYIMAGE 
		        ORDER BY COUNT DESC
	</select>
		
	<update id="jobOpeningUpdateHit" parameterType="int">
      UPDATE JOBOPENING SET
      JOBOPENINGHIT = JOBOPENINGHIT + 1 WHERE JOBOPENINGNUM = #{jobOpeningNum}
   </update>
   
   <select id="selectJobOpeningLocation"
   
		resultType="String">
	SELECT DISTINCT LOCATION FROM JOBOPENING	
		
	</select>
	

</mapper>