<?xml version="1.0" encoding="UTF-8"?>
<!DOCTYPE tiles-definitions PUBLIC
       "-//Apache Software Foundation//DTD Tiles Configuration 3.0//EN"
       "http://tiles.apache.org/dtds/tiles-config_3_0.dtd">
<tiles-definitions>
	<definition name="myapp.homepage" template="/WEB-INF/view/layout/classic.jsp">
  		<put-attribute name="title" value="My Web Site" />
  		<put-attribute name="header" value="/WEB-INF/view/layout/header.jsp" />
  	 	<put-attribute name="body" value="" />
  	  	<put-attribute name="footer" value="/WEB-INF/view/layout/footer.jsp" />
 	 </definition>
 	 
 	 <definition name="WILDCARD:*/*" extends="myapp.homepage">
 	 	<put-attribute name="body" value="/WEB-INF/view/{1}/{2}.jsp"></put-attribute>
 	 </definition>
 	 
 	 <definition name="empty" template="/WEB-INF/view/layout/empty.jsp">
 	 	 <put-attribute name="content" value=""/>  
 	 </definition>
 	 
 	 <definition name="notiles/*" extends="empty">
 	 	<put-attribute name="content" value="/WEB-INF/notiles/{1}.jsp"></put-attribute>
 	 </definition>
</tiles-definitions>