<?xml version="1.0" encoding="UTF-8"?>
<!DOCTYPE configuration
  PUBLIC "-//mybatis.org//DTD Config 3.0//EN"
  "http://mybatis.org/dtd/mybatis-3-config.dtd">
<configuration>

	<properties resource="/config/db.properties" />

	<settings>
		<setting name="jdbcTypeForNull" value="NULL" />
	</settings>

	<environments default="development">
		<environment id="development">
			<transactionManager type="JDBC" />
			<dataSource type="POOLED">
				<property name="driver" value="${driver}" />
				<property name="url" value="${url}" />
				<property name="username" value="${username}" />
				<property name="password" value="${password}" />
			</dataSource>
		</environment>
	</environments>
	<mappers>
		<mapper resource="co/micol/prj/member/service/member-map.xml" />		
		<mapper resource="co/micol/prj/jobOpening/service/jobOpening-map.xml"/>				
		<mapper resource="co/micol/prj/notes/service/notes-map.xml"/>
		<mapper resource="co/micol/prj/contact/service/contact-map.xml" />
		<mapper resource="co/micol/prj/zzim/service/zzim-map.xml"/>	
		<mapper resource="co/micol/prj/apply/service/apply-map.xml"/>
		<mapper resource="co/micol/prj/board/service/board-map.xml"/>
		<mapper resource="co/micol/prj/payment/service/payment-map.xml"/>
		<mapper resource="co/micol/prj/comments/service/comments-map.xml"/>
		<mapper resource="co/micol/prj/jOComment/service/jOComment-map.xml"/>
		<mapper resource="co/micol/prj/companyInfo/service/company-map.xml"/>
	</mappers>
</configuration>