<?xml version="1.0" encoding="UTF-8"?>
<!DOCTYPE mapper PUBLIC "-//mybatis.org//DTD Mapper 3.0//EN" "http://mybatis.org/dtd/mybatis-3-mapper.dtd">
<mapper namespace="co.micol.prj.member.service.MemberMapper">
	<select id="selectMemberList"
		resultType="co.micol.prj.member.service.MemberVO">
		SELECT * FROM MEMBER
	</select>

   <select id="selectMember"
      parameterType="co.micol.prj.member.service.MemberVO"
      resultType="co.micol.prj.member.service.MemberVO">
      SELECT * FROM MEMBER WHERE MEMBERID = #{memberId}
      <if test = "memberPassword != null">
       AND MEMBERPASSWORD = #{memberPassword}
      </if>
      <!-- 로그인 기능 -->
   </select>
   
   <select id="selectMemberTwo"
      parameterType="co.micol.prj.member.service.MemberVO"
      resultType="co.micol.prj.member.service.MemberVO">
      SELECT * FROM MEMBER WHERE MEMBERID = #{memberId}      
   </select>

	<insert id="insertMember"
      parameterType="co.micol.prj.member.service.MemberVO">
       <selectKey keyProperty="memberNum" resultType="int" order="BEFORE">
     SELECT NVL(MAX(memberNum+1),1) FROM member
  </selectKey>
      INSERT INTO MEMBER
      (memberNum, memberEmail, memberId, memberPassword, memberName, memberPhone, favorite)
      VALUES
      (#{memberNum}, #{memberEmail}, #{memberId}, #{memberPassword}, #{memberName}, #{memberPhone}, #{favorite})
  </insert> 
    
	<update id="updateMember"
		parameterType="co.micol.prj.member.service.MemberVO">
		UPDATE MEMBER
		<set>
			MEMBERPASSWORD = #{memberPassword},
			MEMBERNAME = #{memberName},
			MEMBERPHONE = #{memberPhone},
			FAVORITE = #{favorite}
		</set>
		WHERE MEMBERID = #{memberId}
	</update>

	<delete id="deleteMember"
		parameterType="co.micol.prj.member.service.MemberVO">
		UPDATE MEMBER
		<set>
			SECESSION = 1
		</set>		
		 WHERE MEMBERID = #{memberId}
	</delete>

   <select id="isIdCheck" parameterType="String"
      resultType="boolean">
      SELECT CASE WHEN COUNT(MEMBERID) = 1 THEN 0 ELSE 1 END AS
      MEMBERID
      FROM MEMBER WHERE MEMBERID = #{str}
   </select>
   
   <insert id="insertKakaoMember"
      parameterType="co.micol.prj.member.service.MemberVO">
       <selectKey keyProperty="memberNum" resultType="int" order="BEFORE">
     SELECT NVL(MAX(memberNum+1),1) FROM member
  </selectKey>
      INSERT INTO MEMBER
      (memberNum, memberId, memberName)
      VALUES
      (#{memberNum}, #{memberId}, #{memberId})
  </insert>   

	
	<update id="updateSub"
		parameterType="co.micol.prj.member.service.MemberVO">
		UPDATE MEMBER
		<set>
			SUBSCRIPTION = 1
		</set>
		WHERE MEMBERID = #{memberId}
	</update>


</mapper>